type,msg
spam,   the secrets to success hi james   have you claim your complimentary gift yet   i ve compiled in here a special astrology gift that predicts everything about you in the future   this is your enabler to take the correct actions now      click here to claim your copy now     claim yours now  and thank me later    love  heather
not spam,   you earned 500 gcloot points  alt_text congratulations  you just earned 500   you completed the following offer   view points history to stop recieving notifications when you earn points  please visit your profile and click  preferences  to change your setting   room 1203  12th floor  tower 3  china hong kong city  33 canton road  tsim sha tsui  kowloon  hong kong  unsubscribe
not spam,   your github launch code here s your github launch code   mortyj420    an octocat standing next to a rocket  continue signing up for github by entering the code below   63024610   open github
not spam, the virtual reward center  re     clarifications hello    thank you for contacting the virtual reward center  we here at the virtual reward center do not dictate what rewards get sent out to recipients  please contact your program sponsor   the company from which you originally received your reward  at helpdesk cspace com for this inquiry    we apologize for any inconvenience      thank you   the virtual reward center customer support team lead
spam,10 1 mlb expert inside  plus everything you need to have a blockbuster saturday hey prachanda rawal   today s newsletter is jam packed with everything you need to have a blockbuster day  including an insider play  video picks  two spotlight games  and special insider deals  just our way of saying thanks for being an insider  so strap in  and let s have a great saturday     ____________________________________________ expert of the day   andre  ifill  andre  the tower  ifill is on another strong mlb and he will keep it rolling today  andre comes in off a perfect 5 0 day on the mlb diamond and he is now 10 1 in his last 11  now that is one heck of a run  today  andre has zeroed in of a huge mlb play that he is calling his saturday sizzler  best of all  this play is your s for just  14 00     click here to get andre s saturday sizzler for just  14 00  click here to get a week of andre s mlb plays for just  59 00            special offer from ceasars   ready to go full caesar  place your first bet of  10 or more  if it doesn t win  caesars will refund your bet up to  1250  and now they ve sweetened the pot  win or lose you will get 1 000 reward credits and 1 000 tier credits  now  that s full caesar  use promo code winnersfull and sign up today  click here   disclaimer  21   terms and conditions apply today s top spotlight game braves vs reds by james boutros              the atlanta braves will be on the road as they take on the cincinnati reds  jared shuster will take the mound for the braves  granot spam ashcraft is expected to be the starting pitcher for the reds  jared shuster is expected to start for the braves  he went 5 2 innings and gave up five hits  three walks  one earned run  and struck out two in a win in his last start against the colorado rockies  on the season  he has a record of 4 2 with a 4 57 era  1 38 whip  and a 23 22 k bb ratio in eight starts  opposing batters are hitting  233 against shuster   the braves have been very good on offense this season  they are top 10 in the league in runs  hits  home runs  rbis  batting average  obp  slg  and ops  matt olson leads the team in home runs  ronald acuna leads the team in runs  hits  and stolen bases  acuna is top five in the mlb in runs  hits  and stolen bases    click here to finish reading and see our prediction on this contest     click here to see our predictions on all of today s mlb action      looking to bet this game  check out these incredible sportsbook offers   click here     will rogers wants to tell you a secret  ready  here it is  cfl lines provide the most exploitable advantages of any sport  will has done exactly that so far this year  going a strong 6 1 on the cfl season so far  if you re jonesing for football and you like soft lines  this  100  guaranteed canadian crusher is for you  just  30 00  click here        join our discord community     we know these cappers are hot  but don t let the fun end here  click the links below to follow us on twitter and join our discord community  as we aim to take down the books  we re cashing in on  picks  parlays  contests  and more  this is your chance to talk to our experts and show off your skills  if you like next level sports betting conversations  this is the place for you   click here to join the community our expert video picks everyday our expert handicappers prepare a daily pick video for you  each is just a few minutes long and covers their analysis on the game   click here to watch today s videos on youtube  today s spotlight game  2 astros vs dodgers by andre  ifill          for anyone with chores on saturday  take out the trash early  the houston astros  41 34  and los angeles dodgers  41 33  are set to bang on saturday night as they continue their weekend series  dodger stadium is hosting  and there won t be a shortage of cameras catching every angle  the first pitch on saturday is scheduled for 7 15 p m  edt and fox will have the broadcast as they did for their infamous 2017 world series battle  these two dugouts will do whatever it takes for a win right now  as they are both barely clinging to playoff spots  let s see the lengths they re willing to go      there isn t a club in the majors with a lower era than the houston astros  the bullpen is impressive  with top 10 marks in era  fip  and war  however  the starting rotation is how the astros won it all last season  and they ve also been stellar in 2023  unfortunately  injuries have taken their toll  thrusting ronel blanco into the rotation temporarily  as a starter this season  he s thrown 17 0 innings  in that time  he s allowed 17 hits  nine walks  five homers  and nine earned runs  his road era is 6 30  mostly due to one disastrous relief appearance in april    click here to finish reading and see our prediction on this contest    another day  another solid 2 1 performance from mike  big game  briggs  running his major league heater to 14 4 in his last 18 premium plays  no one has spent more time atop the leaderboard than briggs and if you haven t given him a shot  today s 100  guaranteed mlb max unit monster is the perfect opportunity to do just that  this game goes at 1 10 et and it is just  24 00  click here insider s exclusive pick we got back on track yesterday our freebie yesterday was on the under 9 in the minnesota  detroit game and it was an easy winner as just five runs were scored in the contest  we will look to keep it rolling today with a free play from caleb davis     free pick  angels  rockies over 12            the angels have been able to hit the long ball well all season  and during night games they ve managed to do so even more  colorado is sitting right around the top 10 in overall batting average and appears to have found their swing of late  racking up 13 runs in their last three games and hitting 21 homers in 20 june contests  colorado isn t foreign to giving up runs either and with the angels  ability to drive runners in they should do so  canning has had ball control issues at times this season and if the rockies are able to make him work on the mound  they should like their chances to continue their hot hitting  take the over  
not spam,afe model casting call  model casting call thank you for taking the time to register for the anambra fashion expo 2023 model call  we are thrilled to have received your information and are excited to review your submission   our team will be carefully reviewing all of the applications we receive over the next few weeks  have you followed us on our social media handles   remember  one of the prerequisites for qualification is to follow all our social media accounts and share all our content using the hashtag  afe2023  you can follow us on facebook  instagram  and twitter   facebook  https   facebook com anambrafashionexpo2023 instagram  https   instagram com anambrafashionexpo twitter  https   twitter com anambrafashion  in the meantime  we encourage you to stay connected and keep an eye out for updates about the event  we will be posting   note  create your personalized profile picture  dp  for the model casting of the anambra fashion expo 2023  you can create your dp using the following link  https   getdp co afe2023  best regards   anambra fashion expo 2023 team 
not spam,afe model casting call  model casting call thank you for taking the time to register for the anambra fashion expo 2023 model call  we are thrilled to have received your information and are excited to review your submission   our team will be carefully reviewing all of the applications we receive over the next few weeks  have you followed us on our social media handles   remember  one of the prerequisites for qualification is to follow all our social media accounts and share all our content using the hashtag  afe2023  you can follow us on facebook  instagram  and twitter   facebook  https   facebook com anambrafashionexpo2023 instagram  https   instagram com anambrafashionexpo twitter  https   twitter com anambrafashion  in the meantime  we encourage you to stay connected and keep an eye out for updates about the event  we will be posting   note  create your personalized profile picture  dp  for the model casting of the anambra fashion expo 2023  you can create your dp using the following link  https   getdp co afe2023  best regards   anambra fashion expo 2023 team 
spam,affordable american mba degree   180month  today more than ever you need to upskill and reskill as the global job market gets increasingly competitive  we hope these payment options will bring down any barriers standing in your way  nexford prides itself on being the most affordable american university in the world   the nexford academic model allows you to finish as fast as you want  and the faster you finish  the less you pay  our tuition fees are calculated monthly   180 month for an mba   so the faster you complete your degree the less the degree will cost you  most students complete our mba in an average of 18 months  average total cost  3 240   some completed in 12 to 14 months   specialize in the world s hottest sectors like ai  data science  cybersecurity  e commerce  etc  upon graduation  you ll walk away with a specialization certificate on top of your master s in business administration  mba  degree     to find out more about applying to nexford university  or anything else  sign up and we will be in touch with you   nexford university is accredited by the distance education accrediting commission  deac   the deac is listed by the u s  department of education as a recognized accrediting agency and is recognized by the council for higher education accreditation  chea   so what are you waiting for  join a next generation university today 
not spam,amazon com tr  action needed  sign in  logo image senol yildirim   someone signed in to your account   when  jul 06  2023 07 34 pm turkey time device  amazon shopping app for android near  manisa  turkey if this was you  you can disregard this message  otherwise  please let us know 
not spam,appen 9 project invite   a5655 request detail 27 asia image collection project hi      thank you for your interest in joining appen  this email is to officially invite you to a new project on appen 9 platform a5655 request detail 27 asia image collection project      to apply for this project  click here to log on appen connect  then click here  project link  to opt in to china platform by still using your appen connect email address and password   your payment will be processed through appen connect to your payoneer account after your work is accepted      project overview   you are invited to participate in a new image collection and annotation project  we are actively seeking participants who are interested in being the image subjects   the project seeks to build a large set of annotated images to help machine learning  ml  and artificial intelligence  ai  systems perform more fairly and ethically across a diverse range of people  by participating in this project  your image  demographics  and related annotations   your data   may be shared publicly so that the broader ai community may develop  train  and evaluate ml and ai software  algorithms  and other technologies  this means that your images would be individually viewable among several thousand other images in the dataset  in addition  your data and images could be published in various media in connection with promotions or publications related to the image dataset  for example  your image could be used as a sample image in an academic paper related to the image dataset or in a blog post or presentation promoting the dataset  your name and email address will not be shared publicly  and individuals accessing the image set will be contractually  restricted from attempting to re identify you  along with other reasonable use restrictions   to participate as an image subject  you must     provide 10 different images of yourself in different poses and attire with a minimum of 1  day between each image    provide self reported demographics  e g   ancestry  pronoun  nationality  country of  residence  age     provide images taken with a smartphone  dslr camera  or compact camera with at  least 8 megapixels  manufactured after 2011     read and agree to the project s informed consent form    be at least the age of majority where you reside   we are looking to pay a range of 3     row   kindly wait for the project team email as they will reach out to those who will be considered to work on their project   note  sharing photos and other information online is fairly commonplace  however  it s important to remember the risks when allowing your data to be shared online  once your data is made public  it could possibly be used for unauthorized or unintended purposes  such as catfishing or deep fakes or sold to third parties for various purposes  such as targeted advertising or other commercial or political activities  it s important to carefully consider the potential risks before participating in this project      project opt in guidelines  https   connect appen com qrp public files emails 2023 06 a5655_image_collection_new_v2 pdf     to find out more about this project or if you have any questions issues  please contact the project support   yuyang appen com with email subject   a5655 request detail 27 asia image collection project       we are extremely excited to have you join the appen 9 crowd and participate in the project      kind regards   appen 9 support team  if you have any questions or concerns about this message  please contact support 
not spam,application process  good day sir madam    in 2020 i applied to the institution but i didn t know i was accepted for the 2021 arcademic year  as i was trying to apply for this year for the past few months but with no success  i noticed that i owe the institution r3280  i kindly please ask for your assistance as i wish to enroll in this institution for this academic year 2022   yours sincerely  reshoketswe sekhukhune
not spam,are you a luxury traveller or know someone who is   view in browser  are you a luxury traveller or know someone who is  we have a task for you on our platform  don t miss out on your last chance to complete this task     10  12 july 23  10 mins you may interview a friend contact from the us  france  south korea  uae and japan who is a luxury traveller with a salary higher than  150 000 or the equivalent  or you may cold call luxury travel companies and interview their affluent customers    think you re a good match  complete the survey today   go to task    available on   great   based on 342 reviews       copyright   2023 grapedata  all rights reserved   privacy policy   terms of use   contact  want to change how you receive these emails   unsubscribe from this list   grapedata limited   grapedata   is incorporated in england and wales under company number 11187265  grapedata s registered address is 1 waterhouse square  london  ec1n 2st     
not spam,celebrate 15 years of the bible app  how has god used the bible app to impact your life  maybe it s a verse of the day that spoke to you in a difficult season  or a prayer that you read at just the right time   the bible app has become the world s most widely used and trusted digital bible reading tool   today  we re celebrating the bible app s 15 year anniversary  what started as an idea in an airport security line has become a global movement that s reaching people everywhere including you   celebrate what god is doing through his word by reflecting on this special daily refresh 
not spam,changes to our terms and conditions and privacy notice changes to our terms and conditions and privacy notice today we updated tidal s terms and conditions of use   terms   to provide information about some of our new product features  in particular  we added the most up to date information about live  section 5   including relevant limitations  in addition  we removed language related to our direct artist payouts program  which is being discontinued  see here for more information about that  in addition  we want to give you advance notice of some additional  upcoming changes to our terms that will go into effect on april 22  2023    we are updating language related to how tidal and you may resolve disputes  including procedures related to how you may opt out of binding arbitration    we are clarifying our rights with respect to information or feedback you provide to us about our products  including via our early access program    we are adding clearer language about restrictions on access to our service in countries where we do not formally operate  you can see the terms and conditions that will go into effect on april 22 here  by continuing to use tidal after april 22  you agree to the updated terms  we also updated tidal s privacy notice to reflect how we process your personal information if you use our new product features  for example  you can now upload a profile picture  which will be part of your public profile and publicly visible on tidal  section 6 1   if you use our live feature  some of your data will be visible to other tidal users and audiences outside of tidal  section 6 3   0
spam,combating scams in the discogs marketplace discogs has recently detected an increase in scammers in the marketplace  and we re taking action to address the issue  new sellers on discogs will undergo a waiting period to reduce fraud attempts   we are committed to maintaining a safe and trustworthy marketplace for independent buyers and sellers  if you see suspicious activity  please report it immediately to discogs support through this form   learn more about how to recognize fraud in our guide to best practices for buying safely on discogs   safe buying tips
not spam,combating scams in the discogs marketplace ondiekijohn254  discogs has recently detected an increase in scammers in the marketplace  and we re taking action to address the issue  new sellers on discogs will undergo a waiting period to reduce fraud attempts   we are committed to maintaining a safe and trustworthy marketplace for independent buyers and sellers  if you see suspicious activity  please report it immediately to discogs support through this form   learn more about how to recognize fraud in our guide to best practices for buying safely on discogs   safe buying tips  sincerely  discogs
not spam,come back and keep earning with quick pay survey quick pay survey              hello anggraeni    remember  we can t hang onto inactive accounts forever  to keep the balance of  3 28 in your quick pay survey  account  you need to visit your account  logging in today will save your balance from being cleared    login now   thanks    the quick pay survey  team         you have received this email because you signed up to be a member of quick pay survey  on january 16  2023 from 103 144 18 94  we respect your privacy  if you would like to stop receiving messages from quick pay survey   please unsubscribe           2009   present quick pay survey    kvieciu g  4   23  vilnius lt 08438     
not spam,congratulations  you have been selected for a special scholarship from unicaf  dear joseph alex eze   we are pleased to inform you that as part of unicaf s 10 year anniversary  you have been selected for a special scholarship which will allow you to study towards a british master s degree of your choice for only  1 950    we are excited to have you join us and believe that this program will provide you with the skills and knowledge you need to succeed in your chosen field  more than 90  of our graduates are in employment or have earned a higher salary    we believe that this opportunity will allow you to pursue your educational goals without the financial burden that accompanies a master s degree programme  we encourage you to take advantage of this offer and join us in the pursuit of knowledge and academic excellence by replying to this email    to take advantage of this offer please quote to your adviser the code ng1950      sincerely  olusegun onyinyechi your scholarship adviser 
not spam,customer service officer   19 new jobs   job alert from jobstreet com jobstreet com  hi anggraeni  we ve got new job recommendations for you  jobstreet com customer service officer pt intisumber hasil sempurna global multiple work locations company logo sales promotor   merchandiser   penempatan surabaya   bali pt niagamas lestari gemilang  tools  machinery and industrial equipment  multiple work locations idr 4 000 000   4 600 000 company logo customer service  branch tarakan  pt bank jtrust indonesia  tbk tarakan supportive working environment competitive remuneration package career opportunities company logo front office representative ungasan medical care badung customer service pt bali utama cakrawala bali competitive salary  negotiable depend on qualifications  festive allowance  thr  training   development company logo formalities officer  customer service  pt lps indonesia jakarta raya idr 5 500 000   7 500 000 good and friendly working environment passionate   energetic work culture enjoy a fair work life balance company logo kurir eterli acrylic lampung company logo customer service officer oma elly kitchen jakarta raya idr 4 600 000   5 750 000 career development in prestigeous company which is oma elly         company logo customer service   operations  jogja  contract based  shopee internasional indonesia yogyakarta company logo customer service sinar mas land jakarta raya company logo sales office administration  manado  pt asuransi jiwa sinarmas msig tbk  manado company logo penjahit balqis humaira surabaya admin penjualan dan perpajakan pt berkat energi sinar timur surabaya customer service pt bank ina perdana tbk jakarta raya company logo admin ayura clinic jawa timur front office leader hotel quirin semarang company logo admin sales pt conbloc indonesia persada surabaya company logo customer service ti e nette dressing room yogyakarta company logo frontliner jaya utama cellular madiun customer service cengkareng rezeki abadi banten idr 4 000 000   4 500 000 company logo view more jobs edit this alert    unsubscribe    help connect with jobstreet        privacy statement   terms and conditions this email was sent to you as a registered user of www jobstreet com   copyright   1998 2023  jobstreet  all rights reserved  
not spam,denis   your amazon prime membership cancellation your amazon prime free trial has been cancelled     amazon com   your amazon       today s deals       gift cards     hello denis   when you sign up for an amazon prime free trial  we require a valid card to ensure that your membership can upgrade to a paid plan at the end of the trial period  there is an outstanding issue with the credit card you provided and we cannot charge you for the annual membership fee  as a result  your amazon prime free trial has been canceled   if you d like to join amazon prime again  start a paid membership by signing up during checkout or visiting the amazon prime page   thank you   amazon com customer service      start a new prime membership          amazon com  inc  or its affiliates  all rights reserved  amazon  amazon com  prime  the amazon com logo and 1 click are registered trademarks of amazon com  inc  or its affiliates  amazon com  410 terry avenue n   seattle  wa 98109 5210   this message was sent to  denis supermen888 gmail com   
spam,do you have  7 walid  hello walid   do you have  7   i ask because i m about to do something stupid   the thing is  what i m about to offer you isn t just amazing  it s totally crazy   here s the deal   pay  7 and i ll give you  177 back   seriously  as if that wasn t good enough value  the products you ll get have the potential to create you a  7000 a month income   see exactly what you get for you  7 here   regards   charlie
spam,english just wanted to make
spam,english rtd to iiiiiiuiiiiiiiiiiiii
spam,english sfhdg to iiiiiiuiiiiiiiiiiiii to
not spam,feedback request  how are we doing  share your respondent feedback your feedback means the world to us  if you don t mind  please take a minute to tell us how we re doing  thank you   how likely are you to recommend respondent to a friend or colleague  0   1   2   3   4   5   6   7   8   9   10 0  not at all likely 10  extremely likely  respondent  inc    po box 4668  57891    new york   new york   10163     update your email preferences to choose the types of emails you receive   
spam,flowing with the markets welcome to our second weekly newsletter      this week s edition     the featured instruments are indices    traders pop quiz      latest podcast episodes      free classes sign up     links to even more online resources  this week s featured instruments   indices     this week we focus on index instruments that have blown the charts in the last couple of months  traders usually diversify their holdings on currency instruments with commodities  stocks and index instruments  index instruments include a basket of stocks picked based on the sector  capitalization  or regions  major indices from renowned global markets offered at fxpesa include nasdaq  ut100   standards and poor 500  us500  and dow jones  us30  traded at nyse      s p500 has been rising since the beginning of the year with more than 15   as well as nasdaq pumping to above 30   the two indices prove the adage that time in the market surpasses timing the market  recent moves will show fluctuations  but long term trend shows consistent gains in indices 
not spam,get ready for test  co deo  hello sathya   you have been invited to participate in a video discussion for co deo community  below are the details of the event   discussion name  test  date and time  jun 30 2023  15 18   jun 30 2023  19 18  atlantic st_helena   video discussion link  join meeting   we look forward to your participation in the discussion   thank you   co deo
spam,get the competitive edge     project winning strategies revealed hi taiwo  we re just over halfway through the year and we thought we d check in on how things are going for you   have you been successful in winning projects and earning more compared to last year  or are you still working towards that first big win      no matter where you are in your journey  we ve got something exciting for you  we re bringing you three new videos from our top freelancer  matt starky  these videos are packed with valuable tips and tricks that will benefit both beginners and those who already have 50 projects under their belts  matt shares his proven strategies to win projects  even if you lack certain skills      by incorporating some of these methods into your own routine for winning projects  you ll be on the fast track to becoming your own boss as a freelancer
spam,get the competitive edge     project winning strategies revealed hi rehan     we re just over halfway through the year and we thought we d check in on how things are going for you      have you been successful in winning projects and earning more compared to last year  or are you still working towards that first big win      no matter where you are in your journey  we ve got something exciting for you  we re bringing you three new videos from our top freelancer  matt starky  these videos are packed with valuable tips and tricks that will benefit both beginners and those who already have 50 projects under their belts  matt shares his proven strategies to win projects  even if you lack certain skills      by incorporating some of these methods into your own routine for winning projects  you ll be on the fast track to becoming your own boss as a freelancer 
not spam,gut health   weight loss plan   role of supplement hi maryam    please find the information on the role of the supplements we take during the program   the supplements are high quality nutritional support assisting to heal   repair our gut  the three key reasons we have the supplements are     the primary reason is to balance your hormones   particularly your insulin levels   insulin being responsible for fat uptake in the cells   especially your liver cells   once your hormones are balanced your body can in fact learn to lose weight and efficiently  and keep it off  as well as with the weight loss you will find your moods become much more stable  anxiety levels decrease  your skin becomes clearer  your head and your thoughts become clearer  and your energy levels will soar  no more naps in the afternoon   it s very liberating      secondly the nutrition is responsible for cleaning your gut  the vast majority of illnesses today stem from poor gut flora  our program will clean up your gut  allow your villae  finger like protrusions on the inner wall of your intestine responsible for increasing the surface area for absorption of nutrients into your bloodstream  to stand up and work to their full potential     thirdly  the nutrition is responsible for keeping your skin s elasticity after the weight loss   this does depend on how much weight you need to lose  we have had some people lose 60 80kg  and as a result they may need further assistance and treatment for their skin   this is why supplements are important  the nutrition in the supplements is responsible for supporting your gut  our program will support your gut  allow your villae  finger like protrusions on the inner wall of your intestine responsible for increasing the surface area for absorption of nutrients into your blood stream  to stand up and work to their full potential   the supplements we use for the program are manufactured by m dere which is well known for using superior products  their stringent testing is commendable  m dere products also have a massive absorption rate  up to 90   their products work in synergy with each other  which is the reason they are so effective  and they re all toxin and chemical free  plant based and most importantly they are not weight loss medicines   this program is a gut healing program that is extremely successful in such a short time frame due to the synergy between the high absorption quality supplements   the alkaline meal plan  they work hand in hand so that you don t cause long term damage   nutritional deficiencies  the awesome results you achieve are because the incredible nutrition works so well with our alkaline meal plan   let me know if you ve got any questions   thanks   regards
spam,hello lun new message from phebehothoney adult dating  discover the best site for singles looking for love      i hope you re the right person i m looking for  because since i ve become single i miss the company of a man in my bed  
spam,hi lun message from tupussycat come on  message me i don t want to sleep alone    sex  alert  text me back and we can meet  i would like to receive a lot of kisses  my sensitive skin is in need of touching  all that i need is love and sex  i m waiting for your answer 
not spam,how to cancel uif registration  dear sir  madam  i would like to enquire about the cancellation of the uif for employees  i worked at a retail shop in 2020 to 2021 as a casual and i have found out i have been registered without my knowledge   i have been unemployed since february 2021 and now i want to cancel the uif    i would really appreciate your assistance in this regard   yours sincerely reshoketswe sekhukhune 
not spam,if coding in c   is so extremely hard  why do we have so many playstation and nintend     top stories for vira  quora   if coding in c   is so extremely hard  why do we have so many playstation and nintendo video games and many computer programs that are coded in c   if it is so hard for our brains to learn  andrew mcgregor  performance measurement lead at fastly  2019 present    answered january 9  2021  c   is moderately hard  it is true  but making a high end game is really  really hard  much harder than any programming language  with any large application  the problem is t    read more   upvote  1 6k  comment  55    they say c is an unsafe language  as a beginner in c programming  say i only have experience in python   what are some things i should avoid when using c  such as bad habits or dangerous code syntax  asked in c programmers   answered by manuel mateo   april 2  always set pointers to null after freeing them always check if pointers are null prefer the number capped versions of functions  strncpy vs strcpy and others  never trust user    read more   upvote  37  comment  12     how do i solve x 2   16 x  philip lloyd  specialist calculus teacher  motivator and baroque trumpet soloist    answered may 19  there is no basic algebra to make  x  the subject of equations like this  i recommend drawing the graphs of y   x 2 and y   16 x and find where they cross  clearly there is o    read more   upvote  65  comment  17    is robert downey jr  a jerk in real life  gretchen bohnam   updated march 14  2020  i was behind him in line once at a coffee shop in l a  i m a huge fan but i didn t want to bother him so i didn t say anything to him  he was very friendly polite to the st    read more   upvote  27 8k  comment  416    what zodiac sign is most manipulative  nidhi astro   top vedic astrologer  vedic astrologer  healer    spiritualist   answered march 8  5 rising signs   manipulators  how to identify people who play a double game in the horoscope there are planets in the natal chart that are responsible for the ability to ma    read more   upvote  775    if p   np  then what problems can be solved in polynomial time  alon amit  cs degree and a ph d  in mathematics    answered june 9  all problems in p can be solved in polynomial time  this is true whether or not p np  if p math  ne  math np  it s still true that all problems in p can be solved in polynomial time  the    read more   upvote  118  comment  13    was elvis presley racist  jonathan peck  a s interdisciplinary studies  athens technical college  2022    answered march 30  2018  my dad once told me a story about elvis presley  it was that one day  elvis was at a market or shopping center and saw an old black woman struggling to carry groceries  elv    read more   upvote  20 9k  comment  2 5k    how should i prepare gs for ssc cgl 2023  shiv singh  divisional accountant  2023 present    answered june 27  do only two things 1  pyq since 2018  all topics from all ssc exams  2 speedy  other monthly magazines for current affairs last 1 year  if you are good at it you will be getti    read more   upvote  23  comment  2    what is proof for you that karma exists  asked in one place 1   answered by gaurav gupta   june 29  the suicide bomber who died alone  in 2016  abdullahi abdisalam borleh was a suicide bomber with a laptop full of explosives who boarded a plane from somalia  daallo airline    read more   upvote  7 4k  comment  161    why do truckers hate swift so much  jim lee  long haul truck driver  2009 present    answered september 6  2018  oh  there s a few reasons  but one that a lot of veteran drivers will focus on doesn t involve only swift  what a lot of people don t realize about truck driving is that it     read more   upvote  4 9k  comment  327    what is one example of honesty that you will remember for years to come  asked in world of experiences   answered by himanshu tiwari   june 29  ritesh saxena  a business leader  came home from work to find his younger daughter waiting to show him her exam assessment results  she ran to her father and showed him her    read more   upvote  548  comment  18    is learning c   easy if i know c  kurt guntheroth  software engineer and writer   answered may 1  c   is what s called a multi paradigm language  those paradigms are  currently  imperative  generic  functional  and object oriented  if you know c  you can tick  imperativ    read more   upvote  93  comment  14  read more in your feed never miss a story  designed for readers on the go    download on the app storeget it on google play   missing out on quora emails  be sure to add us to your primary inbox  this email was sent by quora  605 castro street  mountain view  ca 94041   if you don t want to receive this type of email in the future  please unsubscribe  https   www quora com 
spam,job opportunities that pay  600 000  and up in nigeria to cushion the effect of subsidy removal and general increase in prices of goods and services  nigerians have now been approved to work and earn in us dollars  whatever you earn is paid directly to your account   our partners earn as much as  3500  5000 monthly and even more  the current exchange rate is about 850   4000 is over  3 million naira   click here to start  requirements  a smartphone laptop fast internet connection simple guide from account managers no training fee required the opportunity  our client a major player in the premium domain business is giving opportunities to anyone interested in working independently  the goal is to help our clients earn strictly in us dollars  you simply participate in the premium domain business and have your earnings sent in dollars 
spam,john  here s a discount for your next safe rides    bolt rides are not only affordable  but they also come with a number of safety features       here are some of the things we do to ensure your safety   we train our drivers and verify their identity  our app has  share your eta  and emergency assist buttons  we use rider feedback to improve future journeys  learn all about bolt s safety measures here   open the app  safe travels      the bolt team  n b  this is a limited time offer that you can use from 2023 07 18 until 2023 07 24 in nairobi  kenya  more information in the app  discount is valid for up to 250 kes per trip 
not spam,june 2023 account statement  dear mr  uzochukwu joseph eze   your statement of account for june 2023 is now available  see attached    please note that the password required to access your account statement s  is your default  main  account number    for any feedback or enquiries  please call our multilingual contact center on 01 2712005 7 or send an email to contactcenter accessbankplc com  thank you for choosing access bank   you can still register for your bank verification number  bvn  at all our branches in lagos  abuja  port harcourt and other access bank branches across the country  please visit our website www accessbankplc com for a full list of our enrolment centers  click here to unsubscribe  
not spam,junior admin assistant  re  junior admin assistant  dear hiring professional  i am contacting you to express my interest in the admin assistant opportunity with your company  after reviewing the position requirements  i believe that my education and experience are a great match for this position   i am a great communicator  motivated by any opportunity where i can learn new things or engage with people  i have respect for those in management positions and i m always willing to take on greater responsibilities to help out  you can be sure that i will bring these qualities to this position with your company  in addition to my other strengths  which include customer service  conducting outbound sales calls and product sales  i am also a hard worker who is skilled in problem solving and time management  i take initiative and get things done on my own as well as with others  i catch on quickly and work hard to continuously learn new skills  just a few of my abilities include  organizational skills data capturing office administration i am certain that i will be a great addition to the company   i would gladly appreciate your review of my enclosed cv and outlined credentials  i believe that i can be a valuable addition to the company and its business goals  at your convenience  i am available for an interview or further discussion  i look forward to your response   sincerely  zandi tamane  0659927404        zandi tamane good day  thank you for the response  i will honour the invitation for an interview   warm regards  zandi tamane show quoted text 
spam,limited offer  hurry up   less than  1 for any of our 214 million amazing stock photos and illustrations  now that s a deal you can t refuse   prices are in usd 
not spam,linton  take the next step on your windows device by confirming your google account settings thanks for signing into google on your windows device  please confirm your google account settings are still right for you   complete the privacy checkup this step by step guide helps you choose the privacy settings that are right for you  complete  complete the security checkup the security checkup gives you personalised recommendations to secure your account 
spam,live has arrived on tidal    where live happens    the live party is just getting started  get hifi or hifi plus to join your fave djs  celebs  music fans  and our tidal music experts on live 
spam,meeting with walid tomorrow hello walid   our zoom call meeting is tomorrow   thursday  july 20th at 3pm est  new york time    register for your free space here  it s called  money while you sleep    you ll learn how it s possible to earn an income  automatically  24 hours a day  yes  even while you sleep     the host will reveal this little known  almost secret  side hustle income which is enabling ordinary people   just like you and me   to make  5000  per month from working just 3 4 hours per week   the host will explain  step by step  how you can easily  clone  this simple yet highly profitable side hustle for yourself     no experience or special skills needed   quick and easy to get up and running   all you need is internet access  due to technical limitations  only a certain number of participants can attend  so if you d like to attend this special zoom call  it s free   then click the link below   register for your free space here  regards   alex
not spam,microsoft outlook test message this is an email message sent automatically by microsoft outlook while testing the settings for your account 
not spam,new jobs posted from plan international you are receiving this email because you joined the plan international talent community on 10 07 20  you will receive these messages every 2 day s    the following jobs matched your search criteria at plan international and can be found at jobs plan international org   your agent keywords  volunteer click to edit
not spam,new login to instagram from threads on infinix x690b  we noticed a new login  alexxuzy   we noticed a login from a device you don t usually use         infinix x690b   threads   lagos  nigeria   july 6 at 10 18 am  pdt        if this was you  you won t be able to access certain security and account settings for a few days  you can still access these settings from a device you ve logged in with in the past    if this wasn t you  you can secure your account from a device you ve logged in with in the past  learn more             instagram  meta platforms  inc   1601 willow road  menlo park  ca 94025 this message was sent to ezejosephfor2018 gmail com and intended for alexxuzy  not your account  remove your email from this account  
not spam,not satisfied with the reward hi   i have gave so many contributions for the development of bard  but i haven t received 1000 inr itself  i got only 200 inr  so please reward me atleast 1000 inr  because i contributed many good stuffs for developing bard   if you have any kind of doubts  just recheck my bard usage details   thanks   
not spam,notification  sir  this is to notify you that our shipment has arrived the office 
not spam,order confirmation for maliek from chanello s pizza doordash neighborhood of good thanks for your order  maliek   the estimated delivery time for your order is 9 19 pm   9 31 pm  track your order in the doordash app or website   track your order paid with visa ending in 8680 and or credits chanello s pizza total   32 13  your receipt 940 gates ave  norfolk  va 23517  usa  estimated total   32 13  view full receipt get order help review this store  share your thoughts on your order with fellow customers and chanello s pizza   11 22 33 44 55 doordash download the app download  the app shop gift cards shop  gift cards refer and earn credit refer and  earn credit deliver with doordash deliver with  doordash  2023 doordash inc   303 2nd street  south tower  suite 800  san francisco  ca 94107 privacy policy fb tw ig blog help center   view email in browser prop 65 restaurant warning  prop 65 alcohol warning  drinking distilled spirits  beer  coolers  wine  and other alcoholic beverages may increase cancer risk  and  during pregnancy  can cause birth defects   for more information go to www p65warnings ca gov alcohol   prop 65 bpa warning 
not spam,q2 markets and products updates kenya s macroeconomic condition still remains challenging due to ongoing inflationary pressures and the shilling s continuous depreciation   join our analysts  samuel ochieng and kevin wekesa  on monday  july 10  2023 from 10am to 11am  for a discussion on the current state and outlook of the economy  market performance  and various products offered by cytonn investments that address various investment needs   link  cytonn com onlinetraining  should you have any questions kindly email clientservices cytonn com or call us 24 7 on 0709101200   kind regards   cytonn asset managers      best regards    cytonn client services team
not spam,quotation for a tombstone  good day  i would like to request for a quotation for a tombstone  i have attached a screenshot of the tombstones i like  i would like separate quotations for si43 and si44  including transportation from bloemfontein to aliwal north    i also wanted to ask whether you guys do the full ledger tombstones that look like houses  with aluminium windows   warm regards  zandi tamane
not spam,re  kpmg 2023 graduate recruitment   aptitude test feedback dear john      thank you for expressing interest and exploring a career opportunity in kpmg   you recently applied for our 2023 graduate recruitment and proceeded to participate in the aptitude test   the aptitude test was highly competitive  and we regret to inform you that you did not make it to proceed to the next level   while we recognize that this might be a disappointment to you  we commend you for having participated  we encourage you to continually visit our careers website to apply for any future positions that align with your credentials and skills   we appreciate your interest and the time you have invested and wish you the best in your career aspirations      regards  talent acquisition team                                                                             the information in this e mail is confidential and may be legally privileged  it is intended solely for the addressee  access to this e mail by anyone else is unauthorized  if you have received this communication in error  please address with the subject heading  received in error   send to the original sender   then delete the e mail and destroy any copies of it  if you are not the intended recipient  any disclosure  copying  distribution or any action taken or omitted to be taken in reliance on it  is prohibited and may be unlawful  any opinions or advice contained in this e mail are subject to the terms and conditions expressed in the governing kpmg client engagement letter  opinions  conclusions and other information in this e mail and any attachments that do not relate to the official business of the member firm are neither given nor endorsed by it   kpmg cannot guarantee that e mail communications are secure or error free  as information could be intercepted  corrupted  amended  lost  destroyed  arrive late or incomplete  or contain viruses   this email is being sent out by kpmg international on behalf of the local kpmg member firm providing services to you  kpmg international limited is a private english company limited by guarantee  kpmg international limited and its related entities do not provide services to clients  each kpmg firm is a legally distinct and separate entity and describes itself as such  each kpmg member firm is responsible for its own obligations and liabilities  for more detail about our structure please visit home kpmg governance   this footnote also confirms that this e mail message has been swept by antivirus software                                                                         
not spam,re  new job openings at international livestock research institute  ilri  hi john new job openings here are the latest job openings at international livestock research institute  ilri   job title research officer i   socio economics   internal external location addis ababa  ethiopia
not spam,reply to your cpx research ticket 238212 hello sathya narayanan   our team reply to your ticket from 2023 06 17 07 05 04  to see the reply please click here   https   offers cpx research com ticket php tid 238212 hash shmykfq0usb8lluap635y67lr1yigcsiqwn8but5gcoznqn69qquabrgpbmrcblui34exlazilz6ks4ebbxpdyyoiznxnhiprslu2wctvp8acvaqayvm0ul0yccaga3qjjw7rbrmhqyu0upl2xdmq  your cpx research customer happiness team ps  always read and answer surveys careful  there might be hidden test questions checking if you pay attention  also if youre replying too fast  some partners will not pay your reward  tickethash shmykfq0usb8lluap635y67lr1yigcsiqwn8but5gcoznqn69qquabrgpbmrcblui34exlazilz6ks4ebbxpdyyoiznxnhiprslu2wctvp8acvaqayvm0ul0yccaga3qjjw7rbrmhqyu0upl2xdmq tickethash 
not spam,sales executive  re  sales executive  dear hiring professional  i am contacting you to express my interest in the sales executive position  after reviewing the position requirements  i believe that my education and experience are a great match for this position   i am an energetic and decisive negotiator with skills in goal setting  sales and recommending products  i have a natural talent for building immediate rapport with people and cultivating productive connections  likewise  i am fully capable of working with strong personalities and navigating through high pressure situations   for more details  please review my attached resume  i believe that i can be the sales executive you re looking for and welcome the opportunity to speak with you at your earliest convenience   sincerely   zandi tamane
not spam,sathya   welcome to snapchat   as a snapchat  subscriber  you now have access to exclusive features that ll allow you to experience snapchat in a whole new way   your monthly snapchat  plan is set to renew on july 6  2023 utc  payment will automatically be charged to your play store account every 1 month unless you cancel before the renewal date   you can cancel or change your subscription anytime by going to your play store settings   snapchat  subscription terms apply https   www snap com terms snapchatplus  if the cost of your plan changes in the future  you ll be notified in advance   start making the most of your snapchat  subscription today 
spam,sfi weekly news  july 17  2023  greetings from sfi   let s keep building something great   important  if you haven t checked out our major re shaping of the sfi affiliate program  read gery s detailed announcement now   https   www sfimg com forum thread id 240777                                                                                                                 new genealogy features  1  to make doing mailings to your psas and csas super easy  we ve added small envelope icons to the genealogy summary panel     to send a group mailing to your psas  just click the envelope icon beside your psas     to send a group mailing to your csas  click the envelope icon beside your csas  note  minimum rank of gold builder required to use the csa mailer   2  with the new system  focus should primarily be on those currently in the share tech  network  hence  effective shortly  when you go to the genealogy  it will  by default  display the condensed version  the condensed version will now display only eas  from previous month and current month    affiliates who are still in their free 30 day trial window  i e  those in the share tech  network   if you wish to see all your affiliates including those who ve forfeited their share tech  position  just click on the full version genealogy link   3  if you had any poas  they are now being converted to psas   even more features and modifications to make the genealogy as easy to use as possible are coming soon 
not spam,sir15112294  your request for content review on microsoft this is an automated message to let you know we have received your request to investigate content on microsoft services       sincerely      microsoft customer protection
spam,style with denim comfortable   durable love  bonito new in  bestsellers  just the thing for every kind of personality there is  time to shine in this wardrobe classic  shop denim here s how to style denim model off duty look  denim jeans   white top elevate your look instantly by layering on a blazer or matching the outfit to a pair of heels     get the look fuss free pairing  denim   different fabric denim works with just about any fabric  pattern or texture    pick your pairing contrast with colour  denim   pop of colour think electric blue  vibrant red  sunny yellow  hot pink  or emerald green    add to cart or go full on denim complete with sneakers or heels  depending on the occasion    make your statement about us stores promotions faq fb  ig  yt love  bonito is a registered trademark of lovebonito holdings pte ltd  you are receiving this email because you subscribed or opted in at our website  we d hate to see you go  but you can unsubscribe at anytime here   have trouble viewing this email  click here   
not spam,telemarketing   19 new jobs   job alert from jobstreet com jobstreet com  hi anggraeni  we ve got new job recommendations for you  jobstreet com telemarketing pt  master mat indonesia surabaya insentif         company logo team leader telemarketing pt telmark integrasi indonesia  recruitment firm  sleman idr 3 500 000   4 000 000 asuransi jenjang karir     company logo mobile service   lamongan   sidoarjo pt exa mitra solusi  recruitment firm  jawa timur company logo  work from home  quality assurance  qa  analyst alpha iota multiple work locations company logo partman  piaggio vespa cabang madiun  super sukses group jawa timur company logo customer service officer pt intisumber hasil sempurna global multiple work locations company logo sales promotor   merchandiser   penempatan surabaya   bali pt niagamas lestari gemilang  tools  machinery and industrial equipment  multiple work locations idr 4 000 000   4 600 000 company logo customer service  branch tarakan  pt bank jtrust indonesia  tbk tarakan supportive working environment competitive remuneration package career opportunities company logo front office representative ungasan medical care badung customer service pt bali utama cakrawala bali competitive salary  negotiable depend on qualifications  festive allowance  thr  training   development company logo formalities officer  customer service  pt lps indonesia jakarta raya idr 5 500 000   7 500 000 good and friendly working environment passionate   energetic work culture enjoy a fair work life balance company logo kurir eterli acrylic lampung company logo customer service officer oma elly kitchen jakarta raya idr 4 600 000   5 750 000 career development in prestigeous company which is oma elly         company logo customer service   operations  jogja  contract based  shopee internasional indonesia yogyakarta company logo customer service sinar mas land jakarta raya company logo sales office administration  manado  pt asuransi jiwa sinarmas msig tbk  manado company logo penjahit balqis humaira surabaya admin penjualan dan perpajakan pt berkat energi sinar timur surabaya customer service pt bank ina perdana tbk jakarta raya company logo admin ayura clinic jawa timur view more jobs edit this alert    unsubscribe    help connect with jobstreet        privacy statement   terms and conditions this email was sent to you as a registered user of www jobstreet com   copyright   1998 2023  jobstreet  all rights reserved  
not spam,thank you for creating a netflix account   netflix learn more about your new account hey there  we re excited to have you  below  you ll find all the information you requested about netflix  plans start at  1 200 month  continue still have a few questions about how netflix works   unlimited entertainment  watch all you want for one low price   cancel anytime  no contracts or commitments   recommendations just for you  always find the right tv show or movie based on what you like  we re here to help if you need it  visit the help center for more info or contact us  the netflix team we re sending this email because you requested information about netflix  this is a one time email 
spam,the last call  dear customer   as the tax season comes to a close  this is the final call to file your 2022 tax returns   there are only a few hours left   take immediate action and file now before the deadline expires   log on to itax kra go ke now  kumbuka kufile returns ni rahisi kuliko kufanya project za cbc   deadline to file is today  30th june 2023   we are here to serve you  call us on  020 4 999 999 or 0711 099 999 or email  callcentre kra go ke  if you have filed your returns  kindly ignore this message   thank you for your attention and cooperation  we wish you a successful completion of your tax filing obligation 
spam,time is of the essence  dear customer   the 2022 filing season is almost coming to an end   as of today  you only have 8 days left to file your income tax returns   if you have not yet started the filing process  now is the time to begin   log on to itax kra go ke today  kumbuka kufile returns ni rahisi kuliko kucommute kukinyesha   deadline to file is 30th june 2023  for any specific questions or concerns  don t hesitate to reach us on   020 4 999 999 or 0711 099 999 or email  callcentre kra go ke  if you have filed your returns  kindly ignore this message 
not spam,toloka has sent you  8 32 usd    hello  vira jessica paypal toloka has sent you  8 32 usd   transaction id 64980345s32777037 transaction date 10 july 2023 money received  8 32 usd please note it may take a little while for this payment to appear in the activity section of your account   get details  paypal help   contact   security   apps twitter instagram facebook linkedin paypal is committed to preventing fraudulent emails  emails from paypal will always contain your full name  learn to identify phishing  not sure why you received this email  learn more  copyright   1999 2023 paypal  all rights reserved   paypal pte  ltd    3pl   has applied for a license under the singapore payment services act   ps act   with the monetary authority of singapore  during this statutory transitional period  3pl is operating under an exemption from holding a license and is allowed to continue to provide specific payment services  paypal rt000231 en_us en id  1 0 0 735d85cc67b89
spam,try out our high quality rides for less    here s 10  off your next 10 bolt rides  you can now try out our high quality rides for an even better price     and we don t use the words high quality lightly  at bolt  we train our drivers and measure their performance to ensure mutually positive experiences between passengers and drivers  if a driver s average rating drops below the threshold  they may be stopped from accepting additional rides      how can you help out  ratings help us keep the best drivers and provide you with a safe  high quality service  so after every ride  please make sure to rate your trip     open the app
not spam,tv lisence  dear sir  madam  i have been receiving sms from the tv licence saying i am owing  i don t remember registering for tv lisence and also i don t own a tv  neither am i working   please fix the issue  i don t really know what is going on   yours sincerely shocky  
not spam,update on stock  dear sir  please  i would like to inform you that stock of one of our main products is at a critical level  there is therefore the need for a restocking warmest regards thanks
not spam,update on your application at lemon recruiting  dear john ondieki motachwa   thank you for your application as image labeler   data annotator  60 100   kenya  remote    unfortunately  your profile does not optimally match the advertised position  we wish you all the best and every success in your job search   best regards  alain mazenauer lemon recruiting
not spam,update  new twitch account linked dear denis   your amazon account  denis supermen888 gmail com has been linked to the twitch account  fanat_papicha_nomer_1   if you did not initiate the link to a twitch account  someone else may be trying to access your account   if you suspect someone else may be attempting to access your account  please   go to amazon com and change your password as soon as possible  to remove the link between amazon and twitch accounts  visit manage twitch account settings  thanks for helping us maintain the security of your account  amazon support  note  this email address cannot accept incoming email  please do not reply to this message  contact us here   support   privacy policy copyright   2016 amazon com  all rights reserved 
not spam,updates to google play terms of service on march 15  2023  we re making some changes to our google play terms of service  these changes make it easier for you to understand what to expect from google play as you use our services  you can review the new terms here  at a glance  here s what this update means for you    increased clarity and certainty  we changed some language in the updates section to clarify and make clearer what to expect    improved readability  while our terms remain a legal document  we ve done our best to make them easier to understand  if you use family link to manage a google account for someone else  please take some time to talk to them about these changes  thank you for using google play    2023 google llc  1600 amphitheatre parkway  mountain view  ca  94043 you have received this mandatory email service announcement to update you about important changes to the google play terms of service 
not spam,updates to our privacy policy tala mobile  hi john   we are implementing updates to privacy policy   app privacy notice  effective 27 june 2023    our updated privacy policy and privacy notice describes in clearer terms how we process your personal data  particularly in relation to our obligations as a licensed digital credit provider  registered data controller  and registered data processor       click these links to read the updated privacy policy and app privacy notice on our website
not spam,venmo primary email address changed venmo hi maliek folks    the primary email address for your venmo account was recently changed    if this wasn t you or you believe an unauthorized person has accessed your account  please immediately reset your password  then  contact us by replying to this email so we can confirm your account is secure    to reset your password tap  forgot your password   on the sign in screen in the mobile app or visit www venmo com from a computer    thanks  team venmo venmo is a service of paypal  inc   a licensed provider of money transfer services  all money transmission is provided by paypal  inc  pursuant to paypal  inc  s licenses  paypal is located at 2211 north first street  san jose  ca 95131
not spam,verify your twitch email address hey fanat_papicha_nomer_1  please verify your e mail address  someone  hopefully you  has used this email at twitch  please click the button below to verify your ownership of this email for the account  fanat_papicha_nomer_1  you will not be able to receive email notifications until you do so   verify your email or click on this link  https   www twitch tv user verify_email email_verification_code 3f4b3e6c4 login fanat_papicha_nomer_1   2017 twitch  all rights reserved 
spam,walid  get paid to listen to music  hi walid   do you listen to music on spotify  youtube  amazon or apple   if you do   you qualify   you could be making  50 for every song you stream     all it takes is 3 steps     step 1  create your account create your account here  step 2  pick your favourite artist select from thousands of artists and vibe to the music  step 3  get paid that s it  for every song you stream        click here right now to start instantly  regards   alex         connect with us on telegram  https   t me moneymakingcentral
not spam,what is it like to have a six pack     top stories for vira  quora   what is it like to have a six pack  ruban mathivanan  studied at srm easwari engineering college   answered april 24  2018  sick          no one here seems to be telling the ugly truth of the other side  oh sure  six pack abs has got its own perks but let me tell you the downside of it  firstly da    read more   upvote  1 3k  comment  461    is learning c   easy if i know c  kurt guntheroth  software engineer and writer   answered may 1  c   is what s called a multi paradigm language  those paradigms are  currently  imperative  generic  functional  and object oriented  if you know c  you can tick  imperativ    read more   upvote  92  comment  14
spam,yes  it is a numbers game hey prachanda    today s video    to build your biz    it is a numbers game      listen in here     to your success    ryan gunness  mlm recruit on demand      spoon fed marketing   
not spam,you applied to job post translation_isaac_acceptability_tr_tr en_us hello there   you have started the application process for job post acceptability   translation raters needed  turkish english   job id translation_isaac_acceptability_tr_tr en_us     you can see the current status of your application on the my jobs page on our user portal   please make sure that you complete all potential additional requirements  such as certifications  that are needed to complete the application process   good luck with your application  and all the best     
spam,your account was accessed from a new device we noticed a new login hello ondiekijohn254 gmail com  we noticed an unusual login from a device or location you don t usually use  was this you 
not spam,your account was accessed from a new device we noticed a new login hello ondiekijohn254 gmail com  we noticed an unusual login from a device or location you don t usually use  was this you 
not spam,your amazon com order of  nike youth dunk low ls gs      amazon  order confirmation hello maliek   thank you for shopping with us  we ll send a confirmation when your item ships  details order  111 9728320 6549862  arriving   thursday  july 6    monday  july 10  someone must be present for delivery   view or manage order ship to   maliek  norfolk  va   order total   211 99    nike youth dunk low ls gs f     qty   1  we hope to see you again soon   amazon com keep shopping for hohem isteady m6 kit smartphone gimbal stabilizer 3 axis with magnetic fill light ai tracking sensor for iphone android with   hohem isteady m6 kit smartphone     209 00 the payment for your invoice is processed by amazon payments  inc  p o  box 81226 seattle  washington 98108 1226  if you need more information  please contact  866  216 1075  by placing your order  you agree to amazon com s privacy notice and conditions of use  unless otherwise noted  items sold by amazon com are subject to sales tax in select states in accordance with the applicable laws of that state  if your order contains one or more items from a seller other than amazon com  it may be subject to state and local sales tax  depending upon the seller s business policies and the location of their operations  learn more about tax and seller information   this email was sent from a notification only address that cannot accept incoming email  please do not reply to this message  
not spam,your application for the position of  child protection in emergencies specialist  maiduguri   nigeria dear maryam       i would like to thank you for your application for the role of child protection in emergencies specialist  maiduguri   nigeria and for your interest in plan international      we regret to inform you that on this occasion you have not been successful in your application  however  there may be other positions which are more suitable for your skills  please feel free to view all of our current vacancies on our we
not spam,your kilimall account is ready   shopping now  dear customer   welcome to kilimall  thanks so much for joining us   kilimall is africa s largest online shopping mall  we launched in july 2014 and our mission is to become the best e commerce platform in africa  we serve a retail customer base that continues to grow exponentially  offering products that span various categories including phones  computers  clothing  shoes  home appliances  books  healthcare  baby products  personal care and much more   shop now
not spam,your steam account  access from new web or mobile device dear vladis163rus  here is the steam guard code you need to login to account vladis163rus   6vcc5 this email was generated because of a login attempt from a web or mobile device located at 178 69 155 179  ru   the login attempt included your correct account name and password   the steam guard code is required to complete the login  no one can access your account without also accessing this email   if you are not attempting to login then please change your steam password and consider changing your email password as well to ensure your account security   if you are unable to access your account then you may choose to lock your account  once locked you must request steam support s assistance in recovering and unlocking it  until the account is unlocked you will be restricted from accessing many of steam s features including online gameplay in vac enabled games   the steam support team https   help steampowered com  valve   valve corporation  all rights reserved  all trademarks are property of their respective owners in the us and other countries  
not spam,your uploaded document is rejected view in browser   log in      skrill logo money movers   makers       hi anggraeni dyah we couldn t verify your address skrill document doesn t meet criteria   problem  we couldn t verify your address because your document doesn t meet the required criteria  solution  send a proof of address that meets the requirements listed below or try sharing your location in the skrill app       send document     it s easier to verify your address with the skrill mobile app  just share your location to get confirmation right away     play store   app store      we accept the following proof of address documents    utility bill  for heating  electricity  water  cable  landline telephone  sewer  gas  etc     statement from your financial institution   bank  credit or debit card  mortgage  insurance  investments  we don t accept statements from purely online financial institutions    a signed and stamped letter from your financial institution confirming your account with them  your residential address  and your full name    any government correspondence  including tax documents  court documents    your valid identity document if it contains the address registered in your skrill account     to complete your verification quickly  make sure that the address in your account is full and accurate and    the document has been issued within the past 90 days    the document is clear and readable and includes all 4 corners and 4 edges of the page    the document contains your full name  current residential address  issue date and the issuer s name and logo insignia    the document is in  jpg   jpeg   bmp   gif   png  or  pdf format     check other reasons why your verification document might be rejected  thank you for choosing skrill copyright   2021 skrill limited  skrill is a registered trademark of skrill ltd  all rights reserved   skrill limited is registered in england and wales with company number 04260907 and its registered office is at 2 gresnot spam street  london ec2v 7ad  authorised and regulated by the financial conduct authority under the electronic money regulations 2011  frn  900001  for the issuance of electronic money   we use cookies and similar technology in some of our emails which contain hyperlinks  each of which has a unique tag  they help us to understand a little bit about how you interact with our emails  and are used to improve our future email communications to you  if you click on links contained in this email it will allow us to track your use of our website  for more information about our use of cookies and similar technology please see our cookies notice   in accordance with relevant data protection and privacy laws  paysafe is committed to protecting your privacy  if you wish to know more  please access our privacy policy   the skrill prepaid mastercard  is issued by paysafe financial services ltd in selected countries pursuant to a license from mastercard international  mastercard  is the registered trademark of mastercard international   to ensure that skrill emails reach your inbox  please add no reply email skrill com to your email safe list   box d about   support   security   privacy   terms 
not spam,you ve earned a reward from bard explorers india you ve received a gift  sign in to your bard explorers india community click the member icon at the top of any page to visit your member profile page your earned gift will appear on that page follow the instructions provided in the community to redeem please act quickly to redeem  for your protection  gift links expire after 90 days   see you online   go to bard explorers india if you have questions about your gift  please reach out to our fulfillment company at support virtualrewardcenter com 
